comment	id	cond	initial	search	repair_label	notes	title	date	time	place	memo
	owner_schedule			"予定
8月12日
20時30分"			端末の写真を整理	2026-08-12	20:30	自宅	「雨の日の窓」の写真を確認する。
	dummy_schedule_1			ダミーデータ			ダミーデータ	2026-08-12	12:00	ダミーデータ	一覧スクロール確認用のダミーデータです。
	dummy_schedule_2			ダミーデータ			ダミーデータ	2026-08-12	12:00	ダミーデータ	一覧スクロール確認用のダミーデータです。
	dummy_schedule_3			ダミーデータ			ダミーデータ	2026-08-12	12:00	ダミーデータ	一覧スクロール確認用のダミーデータです。
	dummy_schedule_4			ダミーデータ			ダミーデータ	2026-08-12	12:00	ダミーデータ	一覧スクロール確認用のダミーデータです。
	dummy_schedule_5			ダミーデータ			ダミーデータ	2026-08-12	12:00	ダミーデータ	一覧スクロール確認用のダミーデータです。
	dummy_schedule_6			ダミーデータ			ダミーデータ	2026-08-12	12:00	ダミーデータ	一覧スクロール確認用のダミーデータです。
	dummy_schedule_7			ダミーデータ			ダミーデータ	2026-08-12	12:00	ダミーデータ	一覧スクロール確認用のダミーデータです。
	dummy_schedule_8			ダミーデータ			ダミーデータ	2026-08-12	12:00	ダミーデータ	一覧スクロール確認用のダミーデータです。
