comment	id	cond	initial	search	repair_label	notes	from	to	cc	subject	date	body
	mail_guide			"メール
メール機能"			デモ運営	プレイヤー		メール機能の確認	2026年8月12日 18:30	メールは、件名と日付の一覧から選んで内容を確認できます。ナビで「未整理メール」と検索すると、破損したメールの修復も試せます。
	damaged_mail		repairable	"未整理メール
破損メール
メール修復"	未▚▐▀▜メール		確認担当	プレイヤー	デモ運営	修復されたメール	2026年8月12日 18:45	メール単位の修復が完了しました。Ccが設定された場合は、宛先情報の中に表示されます。
	dummy_mail_1			ダミーデータ			ダミーデータ	プレイヤー		ダミーデータ	2026年8月12日 12:00	一覧スクロール確認用のダミーデータです。
	dummy_mail_2			ダミーデータ			ダミーデータ	プレイヤー		ダミーデータ	2026年8月12日 12:00	一覧スクロール確認用のダミーデータです。
	dummy_mail_3			ダミーデータ			ダミーデータ	プレイヤー		ダミーデータ	2026年8月12日 12:00	一覧スクロール確認用のダミーデータです。
	dummy_mail_4			ダミーデータ			ダミーデータ	プレイヤー		ダミーデータ	2026年8月12日 12:00	一覧スクロール確認用のダミーデータです。
